{
    "inputs": [
        {
            "name": "customfont",
            "value": [],
            "type": "fontupload"
        },
        {
            "name": "layout",
            "type": "dropdown",
            "value": "timeline"
        },
        {
            "name": "logoimage",
            "value": "",
            "type": "fileupload"
        },
        {
            "name": "logoposition",
            "type": "dropdown",
            "value": "top-left"
        },
        {
            "name": "displayoptions",
            "type": "multiselect",
            "value": ["interactivity", "logo", "header", "meetingname", "organizername", "clock"]
        },
        {
            "name": "roomslocation",
            "value": [],
            "type": "celldata"
        },
        {
            "name": "backgroundmaskcolor",
            "value": "transparent",
            "type": "colorpicker"
        },
        {
            "name": "backgroundcolor",
            "type": "colorpicker",
            "value": "rgb(255, 255, 255)"
        },
        {
            "name": "backgroundmedia",
            "type": "fileupload",
            "value": []
        },
        {
            "name": "headertitle",
            "type": "textbox",
            "value": "",
            "style": {}
        },
        {
            "name": "headermaskcolor",
            "value": "transparent",
            "type": "colorpicker"
        },
        {
            "name": "headerbackgroundcolor",
            "type": "colorpicker",
            "value": "rgb(24, 59, 101)"
        },
        {
            "name": "headerbackgroundimage",
            "type": "fileupload",
            "value": []
        },
        {
            "name": "tabletextcolor",
            "type": "colorpicker",
            "value": "#114"
        },
        {
            "name": "tablebackgroundcolor",
            "type": "colorpicker",
            "value": "rgba(255, 255, 255, 0.8)"
        },
        {
            "name": "tablebordercolor",
            "type": "colorpicker",
            "value": "rgb(219, 224, 234)"
        },
        {
            "name": "levelcolor",
            "type": "colorpicker",
            "value": "#183b65"
        },
        {
            "name": "leveltextcolor",
            "type": "colorpicker",
            "value": "#ffffff"
        },
        {
            "name": "futuredaysbooking",
            "value": 3
        },
        {
            "name": "privatemeetingname",
            "value": "Private Meeting"
        },
        {
            "name": "availablecolor",
            "value": "#58b090",
            "type": "colorpicker"
        },
        {
            "name": "occupiedcolor",
            "value": "#e3645f",
            "type": "colorpicker"
        },
        {
            "name": "checkincolor",
            "value": "#eab84d",
            "type": "colorpicker"
        },
        {
            "name": "idletimeout",
            "value": 30000
        },
        {
            "name": "booklimitinhours",
            "value": 6
        },
        {
            "name": "autoresettimeout",
            "value": 60000
        },
        {
            "name": "facilitiesmapping",
            "value": {
                "ethernet": "Ethernet",
                "phone": "Phone",
                "projector": "Projector",
                "videoConference": "Video Conference",
                "whiteBoard": "Whiteboard",
                "wifi": "Wifi",
                "screenShare": "Screen Share"
            }
        },
        {
            "name": "roomcategories",
            "value": ["CONFERENCE_ROOM"]
        },
        {
            "name": "enablecheckin",
            "type": "checkbox",
            "value": [
                "enable"
            ]
        },
        {
            "name": "ischeckinconfigurationsupported",
            "value": true
        }
    ],
    "customData": {
        "authenticationservice": {
            "url": "https://api.cloud.appspace.com/api/v3/oauth-integration"
        },
        "providers": [
            {
                "logo": "assets/img/appspace.png",
                "type": "appspace",
                "name": "Appspace Provider",
                "providerurl": "/api/v3/reservation",
                "healthcheckpath": "/resources/ping",
                "requiresconstellationservice": true,
                "skipheaders": true,
                "features": ["feature.reservations"]
            },
            {
                "logo": "assets/img/office_365.png",
                "type": "office365",
                "name": "Office 365",
                "admin": {
                    "logo": "assets/img/office_365_admin.png",
                    "type": "office365admin",
                    "name": "Office 365 App",
                    "applicationPath": "office365/application"
                }
            },
            {
                "logo": "assets/img/g_suite.png",
                "type": "google"
            },
            {
                "type": "custom",
                "name": "Custom Provider",
                "icon": "icon-settings",
                "usecustomvalidation": true,
                "healthcheckpath": "/ping",
                "enforcehttps": true
            }
        ],
        "authenticationdata": {},
        "mockdata": {
            "team": [
                "Product",
                "Sales",
                "HR",
                "Finance",
                "QA",
                "Engineering",
                "Support",
                "Admin",
                "PS"
            ],
            "organizer": [
                {
                    "id": "john@appspace.com",
                    "name": "John Papa"
                },
                {
                    "id": "peter@appspace.com",
                    "name": "Peter Parker"
                },
                {
                    "id": "mike@appspace.com",
                    "name": "Mike Tyson"
                },
                {
                    "id": "roger@appspace.com",
                    "name": "Roger Moore"
                },
                {
                    "id": "jane@appspace.com",
                    "name": "Jane Doe"
                },
                {
                    "id": "sarah@appspace.com",
                    "name": "Sarah Jessica Parker"
                },
                {
                    "id": "lisa@appspace.com",
                    "name": "Lisa Haydon"
                },
                {
                    "id": "carl@appspace.com",
                    "name": "Carl Rogers"
                },
                {
                    "id": "ann@appspace.com",
                    "name": "Ann Danvers"
                }
            ],
            "meetingType": [
                "Meeting",
                "Sync-up",
                "Huddle",
                "Q&A",
                "Review",
                "Retrospective",
                "Deep-dive",
                "All-hands"
            ],
            "roomNames": [
                "Cowboy",
                "Boomer",
                "Old",
                "Young",
                "Blue",
                "Sooner",
                "Red",
                "Eagles",
                "Enterprise",
                "Baler",
                "Oasis",
                "Capital",
                "Park",
                "Franklin’s",
                "Deep"
            ]
        }
    }
}