{
    "version": "1.1.1",
    "inputs": [
        {
            "name": "customfont",
            "label": "Custom Font Upload",
            "group": "Design",
            "type": "fontupload",
            "visible": true,
            "options": {
                "maxfiles": 1
            },
            "locked": true
        },
        {
            "name": "layout",
            "label": "Layout",
            "type": "dropdown",
            "options": {
                "defaultitem": "timeline"
            },
            "items": [
                {
                    "label": "Schedule",
                    "value": "timeline"
                },
                {
                    "label": "Current events",
                    "value": "current"
                },
                {
                    "label": "Map",
                    "value": "map"
                }
            ],
            "form": {
                "css": {
                    "margin-bottom": "2em"
                }
            }
        },
        {
            "name": "displayoptions",
            "type": "multiselect",
            "label": "Display options",
            "group": "Configuration",
            "placeholder": "Select display options",
            "items": [
                {
                    "label": "Map enabled",
                    "value": "map"
                },
                {
                    "label": "Interactivity enabled",
                    "value": "interactivity"
                },
                {
                    "label": "Logo enabled",
                    "value": "logo"
                },
                {
                    "label": "Header enabled",
                    "value": "header"
                },
                {
                    "label": "24-hour clock",
                    "value": "24hourclock"
                },
                {
                    "label": "Show meeting name",
                    "value": "meetingname"
                },
                {
                    "label": "Show organizer's name",
                    "value": "organizername"
                },
                {
                    "label": "Show clock",
                    "value": "clock"
                },
                {
                    "label": "Show in 15 minutes time block",
                    "value": "15minutestimeblock"
                }
            ],
            "form": {
                "css": {
                    "margin-bottom": "2em"
                }
            },
            "conditions": [
                {
                    "condition": "model.value.indexOf('logo') >= 0",
                    "actions": [
                        "logoimage.schema.visible = true",
                        "logoposition.schema.visible = true"
                    ]
                },
                {
                    "condition": "model.value.indexOf('logo') == -1",
                    "actions": [
                        "logoimage.schema.visible = false",
                        "logoposition.schema.visible = false"
                    ]
                },
                {
                    "condition": "model.value.indexOf('header') >= 0",
                    "actions": [
                        "headertitle.schema.visible = true",
                        "headerbackgroundandcolor-label.schema.visible = true",
                        "headerbackgroundcolor.schema.visible = true",
                        "headerbackgroundimage.schema.visible = true",
                        "headermaskcolor.schema.visible = true"
                    ]
                },
                {
                    "condition": "model.value.indexOf('header') == -1",
                    "actions": [
                        "headertitle.schema.visible = false",
                        "headerbackgroundandcolor-label.schema.visible = false",
                        "headerbackgroundcolor.schema.visible = false",
                        "headerbackgroundimage.schema.visible = false",
                        "headermaskcolor.schema.visible = false"
                    ]
                }
            ]
        },
        {
            "name": "enablecheckin",
            "group": "Configuration",
            "type": "checkbox",
            "visible": true,
            "items": [
                {
                    "value": "enable",
                    "label": "Enable meeting check-in",
                    "checked": false
                }
            ],
            "conditions": [
                {
                    "condition": "model.value.indexOf('enable') >= 0",
                    "actions": [
                        "checkInColor.schema.visible = true"
                    ]
                },
                {
                    "condition": "model.value.indexOf('enable') == -1",
                    "actions": [
                        "checkInColor.schema.visible = false"
                    ]
                }
            ]
        },
        {
            "name": "roomslocation",
            "label": "Room mapping",
            "group": "Configuration",
            "type": "celldata",
            "options": {
                "startrows": 3,
                "tooltip": "Supported directions include left, right, forward, escalator-up, escalator-down, stairs-up, stairs-down, forward-left, forward-right, backward, backward-left, backward-right",
                "placeholders": [
                    [
                        "$roomid",
                        "$roomname",
                        "Location 1",
                        "Location 2"
                    ],
                    [
                        "room-id-1",
                        "Falcons",
                        "right",
                        "escalator-up"
                    ],
                    [
                        "room-id-2",
                        "Vikings",
                        "stairs-down",
                        "forward-right"
                    ]
                ]
            }
        },
        {
            "name": "logoimage",
            "label": "Logo",
            "group": "Design",
            "type": "fileupload",
            "value": "",
            "options": {
                "maxfiles": 1
            },
            "validation": {
                "fileextensions": [
                    ".jpg",
                    ".png",
                    ".bmp",
                    ".jpeg",
                    ".svg",
                    ".gif"
                ],
                "required": false
            }
        },
        {
            "name": "logoposition",
            "label": "Logo position",
            "group": "Design",
            "type": "dropdown",
            "options": {
                "defaultitem": "top-left"
            },
            "items": [
                {
                    "label": "Top Left",
                    "value": "top-left"
                },
                {
                    "label": "Top Right",
                    "value": "top-right"
                },
                {
                    "label": "Bottom Left",
                    "value": "bottom-left"
                },
                {
                    "label": "Bottom Right",
                    "value": "bottom-right"
                }
            ],
            "form": {
                "css": {
                    "margin-bottom": "2em"
                }
            }
        },
        {
            "name": "headertitle",
            "label": "Header title",
            "value": "",
            "type": "textbox",
            "options": {
                "style": {
                    "locked": false,
                    "color": true,
                    "size": [
                        "200%",
                        "150%",
                        "125%",
                        "100%",
                        "75%",
                        "50%",
                        "25%"
                    ],
                    "alignment": true,
                    "backgroundcolor": true,
                    "decorations": true
                }
            }
        },
        {
            "label": "Header background color or image",
            "type": "label",
            "group": "Design",
            "name": "headerbackgroundandcolor-label"
        },
        {
            "name": "headerbackgroundcolor",
            "group": "Design",
            "type": "colorpicker",
            "options": {
                "defaultcolor": "#ff183B65",
                "allowtransparency": true,
                "allowempty": true
            },
            "form": {
                "css": {
                    "width": "30px",
                    "display": "inline-block",
                    "margin-right": "1%",
                    "float": "left"
                }
            }
        },
        {
            "name": "headerbackgroundimage",
            "group": "Design",
            "type": "fileupload",
            "value": [],
            "options": {
                "maxfiles": 1
            },
            "validation": {
                "fileextensions": [
                    ".jpg",
                    ".png",
                    ".bmp",
                    ".jpeg",
                    ".svg",
                    ".gif"
                ],
                "required": false
            },
            "form": {
                "css": {
                    "width": "calc(99% - 30px)",
                    "display": "inline-block"
                }
            }
        },
        {
            "name": "headermaskcolor",
            "label": "Header mask color",
            "group": "Design",
            "type": "colorpicker",
            "options": {
                "defaultcolor": "#80173958",
                "palette": [],
                "allowtransparency": true,
                "allowempty": true
            },
            "form": {
                "css": {
                    "display": "block",
                    "margin-bottom": "2em"
                }
            }
        },
        {
            "name": "availablecolor",
            "label": "Available color",
            "group": "Design",
            "type": "colorpicker",
            "visible": true,
            "options": {
                "defaultcolor": "#31b081",
                "palette": [
                    "#ffffff",
                    "#f00",
                    "#00ff00"
                ],
                "allowTransparency": false,
                "allowEmpty": false
            },
            "form": {
                "css": {
                    "width": "30%",
                    "display": "inline-block",
                    "margin-right": "1%",
                    "padding-bottom": "1em"
                }
            }
        },
        {
            "name": "occupiedcolor",
            "label": "Occupied color",
            "group": "Design",
            "type": "colorpicker",
            "visible": true,
            "options": {
                "defaultcolor": "#e63e3e",
                "palette": [
                    "#ffffff",
                    "#f00",
                    "#00ff00"
                ],
                "allowTransparency": false,
                "allowEmpty": false
            },
            "form": {
                "css": {
                    "width": "30%",
                    "display": "inline-block",
                    "margin-right": "1%",
                    "padding-bottom": "1em"
                }
            }
        },
        {
            "name": "checkincolor",
            "label": "Check in color",
            "group": "Design",
            "type": "colorpicker",
            "visible": true,
            "options": {
                "defaultcolor": "#ffbf00",
                "palette": [
                    "#ffffff",
                    "#f00",
                    "#00ff00"
                ],
                "allowTransparency": false,
                "allowEmpty": false
            },
            "form": {
                "css": {
                    "width": "30%",
                    "display": "inline-block",
                    "padding-bottom": "1em"
                }
            }
        },
        {
            "name": "tabletextcolor",
            "label": "Table text color",
            "group": "Design",
            "type": "colorpicker",
            "options": {
                "defaultcolor": "#114",
                "allowtransparency": false,
                "allowempty": false
            },
            "form": {
                "css": {
                    "width": "30%",
                    "display": "inline-block",
                    "margin-right": "1%"
                }
            }
        },
        {
            "name": "tablebackgroundcolor",
            "label": "Table color",
            "group": "Design",
            "type": "colorpicker",
            "options": {
                "defaultcolor": "#c7ffffff",
                "allowtransparency": true,
                "allowempty": true
            },
            "form": {
                "css": {
                    "width": "30%",
                    "display": "inline-block",
                    "margin-right": "1%"
                }
            }
        },
        {
            "name": "tablebordercolor",
            "label": "Table border color",
            "group": "Design",
            "type": "colorpicker",
            "options": {
                "defaultcolor": "#dbe0ea",
                "allowtransparency": false,
                "allowempty": true
            },
            "form": {
                "css": {
                    "display": "inline-block"
                }
            }
        },
        {
            "name": "levelcolor",
            "label": "Level button color",
            "type": "colorpicker",
            "group": "Design",
            "options": {
                "defaultcolor": "#183b65",
                "allowtransparency": false,
                "allowempty": true
            },
            "form": {
                "css": {
                    "width": "49%",
                    "display": "inline-block",
                    "margin-right": "1%"
                }
            }
        },
        {
            "name": "leveltextcolor",
            "label": "Level button text color",
            "type": "colorpicker",
            "group": "Design",
            "options": {
                "defaultcolor": "#ffffff",
                "allowtransparency": false,
                "allowempty": true
            },
            "form": {
                "css": {
                    "width": "49%",
                    "display": "inline-block"
                }
            }
        },
        {
            "label": "Background color or media",
            "group": "Design",
            "type": "label",
            "name": "backgroundandcolor-label",
            "form": {
                "css": {
                    "margin-top": "2em"
                }
            }
        },
        {
            "name": "backgroundcolor",
            "group": "Design",
            "type": "colorpicker",
            "options": {
                "defaultcolor": "#ffffffff",
                "palette": [
                    "#ffffff",
                    "#f00",
                    "#00ff00"
                ],
                "allowtransparency": false,
                "allowempty": true
            },
            "form": {
                "css": {
                    "width": "30px",
                    "display": "inline-block",
                    "margin-right": "1%",
                    "float": "left"
                }
            }
        },
        {
            "name": "backgroundmedia",
            "group": "Design",
            "type": "fileupload",
            "value": [],
            "options": {
                "maxfiles": 10
            },
            "validation": {
                "fileextensions": [
                    ".jpg",
                    ".png",
                    ".bmp",
                    ".jpeg",
                    ".svg",
                    ".gif",
                    ".mp4"
                ],
                "required": false
            },
            "form": {
                "css": {
                    "width": "calc(99% - 30px)",
                    "display": "inline-block"
                }
            }
        },
        {
            "name": "backgroundmaskcolor",
            "label": "Background mask color",
            "group": "Design",
            "type": "colorpicker",
            "options": {
                "defaultcolor": "#80173958",
                "palette": [],
                "allowtransparency": true,
                "allowempty": true
            }
        },
        {
            "name": "ischeckinconfigurationsupported",
            "label": "Is Check-in Configuration Supported",
            "type": "textbox",
            "value": true,
            "group": "Configuration",
            "visible": false,
            "conditions": [
                {
                    "condition": "model.value == true",
                    "actions": [
                        "enablecheckin.schema.visible = true"
                    ]
                },
                {
                    "condition": "model.value == false",
                    "actions": [
                        "enablecheckin.schema.visible = false"
                    ]
                }
            ]
        }
    ]
}